borrow_id,book_id,member_id,borrow_date,return_date
1,BK101,MB001,2024-01-05,2024-01-19
2,BK202,MB002,2024-01-10,2024-01-25
3,BK303,MB003,2024-02-01,2024-02-15
4,BK404,MB004,2024-02-05,2024-02-20
5,BK505,MB005,2024-03-01,2024-03-15
6,BK606,MB001,2024-03-10,2024-03-24
26,BK1001,MB001,2025-01-21,2025-01-16
25,BK1001,MB001,2025-01-06,2025-01-16
24,BK1001,MB002,2025-01-07,2025-01-16
